{"cameraMode":{"drawMode":0,"name":"Shaded","section":"Shading Mode"},"sceneLighting":true,"audioPlay":false,"sceneViewState":{"showFog":true,"showMaterialUpdate":false,"showSkybox":true,"showFlares":true,"showImageEffects":true,"showParticleSystems":true},"in2DMode":false,"pivot":{"x":7.529707908630371,"y":22.07648277282715,"z":-146.8102569580078},"rotation":{"x":-0.040321409702301028,"y":-0.3566884696483612,"z":-0.015447371639311314,"w":0.9332759976387024},"size":17.304119110107423,"orthographic":false}