{"cameraMode":{"drawMode":0,"name":"Shaded","section":"Shading Mode"},"sceneLighting":true,"audioPlay":false,"sceneViewState":{"showFog":true,"showMaterialUpdate":false,"showSkybox":true,"showFlares":true,"showImageEffects":true,"showParticleSystems":true},"in2DMode":false,"pivot":{"x":99.48966979980469,"y":32.73473358154297,"z":-79.19577026367188},"rotation":{"x":-0.1455705612897873,"y":-0.8484203219413757,"z":0.39741626381874087,"w":-0.319246381521225},"size":313.48455810546877,"orthographic":false}