{"cameraMode":{"drawMode":0,"name":"Shaded","section":"Shading Mode"},"sceneLighting":true,"audioPlay":false,"sceneViewState":{"showFog":true,"showMaterialUpdate":false,"showSkybox":true,"showFlares":true,"showImageEffects":true,"showParticleSystems":true},"in2DMode":false,"pivot":{"x":195.54112243652345,"y":37.23591613769531,"z":-81.90386199951172},"rotation":{"x":-0.02209446020424366,"y":-0.855610728263855,"z":0.03959696367383003,"w":-0.5168333053588867},"size":1.6533522605895997,"orthographic":false}